{
    "loss": 5.253734588623047,
    "accuracy": 0.6935483813285828
}