{
    "loss": 7.540285110473633,
    "accuracy": 0.6935483813285828
}