{
    "loss": 8.048752784729004,
    "accuracy": 0.6935483813285828
}