{
    "loss": 2.695540189743042,
    "accuracy": 0.6854838728904724
}