{
    "loss": 1.2544890642166138,
    "accuracy": 0.6935483813285828
}