{
    "loss": 2.153311252593994,
    "accuracy": 0.6935483813285828
}