{
    "loss": 1.3760629892349243,
    "accuracy": 0.6935483813285828
}